{
  "11111_appid_2017-09-12_18:15:28": {
    "results": {
      "recorder": "nurse_id",
      "pre_hr": "72",
      "pre_bp": "110/70",
      "post_hr": "112",
      "post_bp": "130/85",
      "max_level": "9",
      "assistant": "2",
      "start_time": "Mon Sep 12 2017 18:14:28 GMT+0700 (SE Asia Standard Time)",
      "stop_time": "Mon Sep 12 2017 18:15:28 GMT+0700 (SE Asia Standard Time)",
      "duration": "60000",
      "note": "This is amazing!",
      "timestamp": ""
    },
    "date": "2017-09-12",
    "time": "18:15:28"
  },
  "11111_appid_2017-09-17_10:02:15": {
    "results": {
      "recorder": "nurse_id",
      "pre_hr": "62",
      "pre_bp": "105/71",
      "post_hr": "98",
      "post_bp": "120/81",
      "max_level": "5",
      "assistant": "1",
      "start_time": "Thu Sep 17 2017 09:55:30 GMT+0700 (SE Asia Standard Time)",
      "stop_time": "Thu Sep 17 2017 10:02:15 GMT+0700 (SE Asia Standard Time)",
      "duration": "420000",
      "note": "This is amazing!",
      "timestamp": ""
    },
    "date": "2017-09-17",
    "time": "10:02:15"
  },
  "11111_appid_2017-09-08_08:11:00": {
    "results": {
      "recorder": "nurse_id",
      "pre_hr": "81",
      "pre_bp": "102/75",
      "post_hr": "116",
      "post_bp": "122/95",
      "max_level": "6",
      "assistant": "1",
      "start_time": "Thu Sep 8 2017 08:09:00 GMT+0700 (SE Asia Standard Time)",
      "stop_time": "Thu Sep 8 2017 08:11:00 GMT+0700 (SE Asia Standard Time)",
      "duration": "120000",
      "note": "Fantasic!",
      "timestamp": ""
    },
    "date": "2017-09-08",
    "time": "08:11:00"
  }
}