{
  "11111_appid_2017-09-11": {
    "description": {
      "title": "title1",
      "place": "place1",
      "note": "note1"
    },
    "date": "2017-09-11",
    "time": "23:59:00"
  },
  "22222_appid_2017-09-11": {
    "description": {
      "title": "title2",
      "place": "place2",
      "note": "note2"
    },
    "date": "2017-09-11",
    "time": "23:59:00"
  },
  "1416382941765846_PHRapp_2017-09-12": {
    "description": {
      "title": "title1",
      "place": "place1",
      "note": "note1"
    },
    "date": "2017-09-12",
    "time": "11:59:00"
  }
}